,Planet,a,b,m,T
0,Mercury,58528570000.0,57278180000.0,3.244425e+23,7605382
1,Venus,108101200000.0,108098800000.0,4.86126e+24,19407924
2,Earth,149510400000.0,149489600000.0,5.975e+24,31557600
3,Mars,228299500000.0,227301600000.0,6.387275e+23,59359846
4,Jupiter,778256200000.0,777344100000.0,1.902141e+27,374336251
5,Saturn,1427208000000.0,1424993000000.0,5.694175e+26,929623781
6,Uranus,2870700000000.0,2867501000000.0,8.71155e+25,2651311764
7,Neptune,4495683000000.0,4495517000000.0,1.031285e+26,5200313789
